Title,Rating,Price,Stock
A Light in the ...,Three,Â£51.77,In stock
Tipping the Velvet,One,Â£53.74,In stock
Soumission,One,Â£50.10,In stock
Sharp Objects,Four,Â£47.82,In stock
Sapiens: A Brief History ...,Five,Â£54.23,In stock
The Requiem Red,One,Â£22.65,In stock
The Dirty Little Secrets ...,Four,Â£33.34,In stock
The Coming Woman: A ...,Three,Â£17.93,In stock
The Boys in the ...,Four,Â£22.60,In stock
The Black Maria,One,Â£52.15,In stock
Starving Hearts (Triangular Trade ...,Two,Â£13.99,In stock
Shakespeare's Sonnets,Four,Â£20.66,In stock
Set Me Free,Five,Â£17.46,In stock
Scott Pilgrim's Precious Little ...,Five,Â£52.29,In stock
Rip it Up and ...,Five,Â£35.02,In stock
Our Band Could Be ...,Three,Â£57.25,In stock
Olio,One,Â£23.88,In stock
Mesaerion: The Best Science ...,One,Â£37.59,In stock
Libertarianism for Beginners,Two,Â£51.33,In stock
It's Only the Himalayas,Two,Â£45.17,In stock
In Her Wake,One,Â£12.84,In stock
How Music Works,Two,Â£37.32,In stock
Foolproof Preserving: A Guide ...,Three,Â£30.52,In stock
Chase Me (Paris Nights ...,Five,Â£25.27,In stock
Black Dust,Five,Â£34.53,In stock
Birdsong: A Story in ...,Three,Â£54.64,In stock
America's Cradle of Quarterbacks: ...,Three,Â£22.50,In stock
Aladdin and His Wonderful ...,Three,Â£53.13,In stock
Worlds Elsewhere: Journeys Around ...,Five,Â£40.30,In stock
Wall and Piece,Four,Â£44.18,In stock
The Four Agreements: A ...,Five,Â£17.66,In stock
The Five Love Languages: ...,Three,Â£31.05,In stock
The Elephant Tree,Five,Â£23.82,In stock
The Bear and the ...,One,Â£36.89,In stock
Sophie's World,Five,Â£15.94,In stock
Penny Maybe,Three,Â£33.29,In stock
Maude (1883-1993):She Grew Up ...,Two,Â£18.02,In stock
"In a Dark, Dark ...",One,Â£19.63,In stock
Behind Closed Doors,Four,Â£52.22,In stock
You can't bury them ...,Two,Â£33.63,In stock
Slow States of Collapse: ...,Three,Â£57.31,In stock
Reasons to Stay Alive,Two,Â£26.41,In stock
Private Paris (Private #10),Five,Â£47.61,In stock
#HigherSelfie: Wake Up Your ...,Five,Â£23.11,In stock
Without Borders (Wanderlove #1),Two,Â£45.07,In stock
When We Collided,One,Â£31.77,In stock
"We Love You, Charlie ...",Five,Â£50.27,In stock
Untitled Collection: Sabbath Poems ...,Four,Â£14.27,In stock
Unseen City: The Majesty ...,Four,Â£44.18,In stock
Unicorn Tracks,Three,Â£18.78,In stock
Unbound: How Eight Technologies ...,One,Â£25.52,In stock
Tsubasa: WoRLD CHRoNiCLE 2 ...,One,Â£16.28,In stock
Throwing Rocks at the ...,Three,Â£31.12,In stock
This One Summer,Four,Â£19.49,In stock
Thirst,Five,Â£17.27,In stock
The Torch Is Passed: ...,One,Â£19.09,In stock
The Secret of Dreadwillow ...,One,Â£56.13,In stock
The Pioneer Woman Cooks: ...,One,Â£56.41,In stock
The Past Never Ends,Four,Â£56.50,In stock
The Natural History of ...,Three,Â£45.22,In stock
The Nameless City (The ...,Four,Â£38.16,In stock
The Murder That Never ...,Three,Â£54.11,In stock
The Most Perfect Thing: ...,Four,Â£42.96,In stock
The Mindfulness and Acceptance ...,Four,Â£23.89,In stock
The Life-Changing Magic of ...,Three,Â£16.77,In stock
The Inefficiency Assassin: Time ...,Five,Â£20.59,In stock
The Gutsy Girl: Escapades ...,One,Â£37.13,In stock
The Electric Pencil: Drawings ...,One,Â£56.06,In stock
The Death of Humanity: ...,Four,Â£58.11,In stock
The Bulletproof Diet: Lose ...,Three,Â£49.05,In stock
The Art Forger,Three,Â£40.76,In stock
The Age of Genius: ...,One,Â£19.73,In stock
The Activist's Tao Te ...,Five,Â£32.24,In stock
Spark Joy: An Illustrated ...,Four,Â£41.83,In stock
Soul Reader,Two,Â£39.58,In stock
Security,Two,Â£39.25,In stock
"Saga, Volume 6 (Saga ...",Three,Â£25.02,In stock
"Saga, Volume 5 (Saga ...",Two,Â£51.04,In stock
Reskilling America: Learning to ...,Two,Â£19.83,In stock
"Rat Queens, Vol. 3: ...",Three,Â£50.40,In stock
"Princess Jellyfish 2-in-1 Omnibus, ...",Five,Â£13.61,In stock
Princess Between Worlds (Wide-Awake ...,Five,Â£13.34,In stock
"Pop Gun War, Volume ...",One,Â£18.97,In stock
"Political Suicide: Missteps, Peccadilloes, ...",Two,Â£36.28,In stock
Patience,Three,Â£10.16,In stock
"Outcast, Vol. 1: A ...",Four,Â£15.44,In stock
orange: The Complete Collection ...,One,Â£48.41,In stock
Online Marketing for Busy ...,One,Â£46.35,In stock
On a Midnight Clear,Three,Â£14.07,In stock
Obsidian (Lux #1),Two,Â£14.86,In stock
My Paris Kitchen: Recipes ...,Two,Â£33.37,In stock
Masks and Shadows,Two,Â£56.40,In stock
Mama Tried: Traditional Italian ...,Four,Â£14.02,In stock
"Lumberjanes, Vol. 2: Friendship ...",Two,Â£46.91,In stock
"Lumberjanes, Vol. 1: Beware ...",Three,Â£45.61,In stock
Lumberjanes Vol. 3: A ...,Two,Â£19.92,In stock
"Layered: Baking, Building, and ...",One,Â£40.11,In stock
Judo: Seven Steps to ...,Two,Â£53.90,In stock
Join,Five,Â£35.67,In stock
In the Country We ...,Four,Â£22.00,In stock
Immunity: How Elie Metchnikoff ...,Five,Â£57.36,In stock
"I Hate Fairyland, Vol. ...",Two,Â£29.17,In stock
I am a Hero ...,Three,Â£54.63,In stock
How to Be Miserable: ...,One,Â£46.03,In stock
Her Backup Boyfriend (The ...,One,Â£33.97,In stock
"Giant Days, Vol. 2 ...",Two,Â£22.11,In stock
Forever and Forever: The ...,Three,Â£29.69,In stock
First and First (Five ...,Four,Â£15.97,In stock
Fifty Shades Darker (Fifty ...,One,Â£21.96,In stock
Everydata: The Misinformation Hidden ...,Two,Â£54.35,In stock
Don't Be a Jerk: ...,Two,Â£37.97,In stock
Danganronpa Volume 1,Four,Â£51.99,In stock
Crown of Midnight (Throne ...,Three,Â£43.29,In stock
"Codename Baboushka, Volume 1: ...",Four,Â£36.72,In stock
Camp Midnight,Four,Â£17.08,In stock
Call the Nurse: True ...,Five,Â£29.14,In stock
Burning,Three,Â£28.81,In stock
Bossypants,Two,Â£49.46,In stock
"Bitch Planet, Vol. 1: ...",Two,Â£37.92,In stock
Avatar: The Last Airbender: ...,Two,Â£28.09,In stock
Algorithms to Live By: ...,One,Â£30.81,In stock
A World of Flavor: ...,One,Â£42.95,In stock
"A Piece of Sky, ...",Five,Â£56.76,In stock
A Murder in Time,One,Â£16.64,In stock
A Flight of Arrows ...,Five,Â£55.53,In stock
A Fierce and Subtle ...,Four,Â£28.13,In stock
A Court of Thorns ...,One,Â£52.37,In stock
(Un)Qualified: How God Uses ...,Five,Â£54.00,In stock
You Are What You ...,Four,Â£21.87,In stock
William Shakespeare's Star Wars: ...,Four,Â£43.30,In stock
Tuesday Nights in 1980,Two,Â£21.04,In stock
Tracing Numbers on a ...,Three,Â£41.60,In stock
Throne of Glass (Throne ...,Three,Â£35.07,In stock
Thomas Jefferson and the ...,One,Â£59.64,In stock
Thirteen Reasons Why,One,Â£52.72,In stock
The White Cat and ...,Four,Â£58.08,In stock
The Wedding Dress,One,Â£24.12,In stock
The Vacationers,Four,Â£42.15,In stock
The Third Wave: An ...,Five,Â£12.61,In stock
The Stranger,Four,Â£17.44,In stock
The Shadow Hero (The ...,One,Â£33.14,In stock
The Secret (The Secret ...,Four,Â£27.37,In stock
The Regional Office Is ...,Five,Â£51.36,In stock
The Psychopath Test: A ...,Two,Â£36.00,In stock
The Project,One,Â£10.65,In stock
The Power of Now: ...,Two,Â£43.54,In stock
The Omnivore's Dilemma: A ...,Two,Â£38.21,In stock
The Nerdy Nummies Cookbook: ...,Five,Â£37.34,In stock
The Murder of Roger ...,Four,Â£44.10,In stock
The Mistake (Off-Campus #2),Three,Â£43.29,In stock
The Matchmaker's Playbook (Wingmen ...,One,Â£55.85,In stock
The Love and Lemons ...,Two,Â£37.60,In stock
The Long Shadow of ...,One,Â£10.97,In stock
The Kite Runner,Four,Â£41.82,In stock
The House by the ...,One,Â£36.95,In stock
The Glittering Court (The ...,One,Â£44.28,In stock
The Girl on the ...,Two,Â£55.02,In stock
The Genius of Birds,One,Â£17.24,In stock
The Emerald Mystery,Two,Â£23.15,In stock
The Cookies & Cups ...,One,Â£41.25,In stock
The Bridge to Consciousness: ...,Three,Â£32.00,In stock
The Artist's Way: A ...,Five,Â£38.49,In stock
The Art of War,Five,Â£33.34,In stock
The Argonauts,Two,Â£10.93,In stock
The 10% Entrepreneur: Live ...,Three,Â£27.55,In stock
Suddenly in Love (Lake ...,Two,Â£55.99,In stock
Something More Than This,Four,Â£16.24,In stock
Soft Apocalypse,Two,Â£26.12,In stock
So You've Been Publicly ...,Two,Â£12.23,In stock
Shoe Dog: A Memoir ...,Two,Â£23.99,In stock
"Shobu Samurai, Project Aryoku ...",Three,Â£29.06,In stock
Secrets and Lace (Fatal ...,One,Â£20.27,In stock
Scarlett Epstein Hates It ...,Five,Â£43.55,In stock
Romero and Juliet: A ...,One,Â£36.94,In stock
Redeeming Love,Five,Â£20.47,In stock
Poses for Artists Volume ...,One,Â£41.06,In stock
Poems That Make Grown ...,Four,Â£14.19,In stock
"Nightingale, Sing",One,Â£38.28,In stock
Night Sky with Exit ...,One,Â£41.05,In stock
Mrs. Houdini,Five,Â£30.25,In stock
Modern Romance,Five,Â£28.26,In stock
Miss Peregrineâs Home for ...,One,Â£10.76,In stock
Louisa: The Extraordinary Life ...,Two,Â£16.85,In stock
Little Red,Three,Â£13.47,In stock
Library of Souls (Miss ...,Five,Â£48.56,In stock
Large Print Heart of ...,Two,Â£19.15,In stock
I Had a Nice ...,Four,Â£57.36,In stock
Hollow City (Miss Peregrineâs ...,One,Â£42.98,In stock
Grumbles,Two,Â£22.16,In stock
Full Moon over Noahâs ...,Four,Â£49.43,In stock
Frostbite (Vampire Academy #2),Five,Â£29.99,In stock
Follow You Home,One,Â£21.36,In stock
First Steps for New ...,One,Â£29.00,In stock
Finders Keepers (Bill Hodges ...,Five,Â£53.53,In stock
"Fables, Vol. 1: Legends ...",Four,Â£41.62,In stock
Eureka Trivia 6.0,Four,Â£54.59,In stock
Drive: The Surprising Truth ...,Four,Â£34.95,In stock
Done Rubbed Out (Reightman ...,Five,Â£37.72,In stock
Doing It Over (Most ...,Three,Â£35.61,In stock
Deliciously Ella Every Day: ...,Three,Â£42.16,In stock
Dark Notes,Five,Â£19.19,In stock
Daring Greatly: How the ...,Three,Â£19.43,In stock
Close to You,Four,Â£49.46,In stock
Chasing Heaven: What Dying ...,Two,Â£37.80,In stock
Big Magic: Creative Living ...,Three,Â£30.80,In stock
Becoming Wise: An Inquiry ...,Two,Â£27.43,In stock
Beauty Restored (Riley Family ...,Two,Â£11.11,In stock
Batman: The Long Halloween ...,Two,Â£36.50,In stock
Batman: The Dark Knight ...,Five,Â£15.38,In stock
Ayumi's Violin,Two,Â£15.48,In stock
Anonymous,Four,Â£46.82,In stock
Amy Meets the Saints ...,Three,Â£18.46,In stock
Amid the Chaos,One,Â£36.58,In stock
Amatus,Five,Â£50.54,In stock
Agnostic: A Spirited Manifesto,Five,Â£12.51,In stock
Zealot: The Life and ...,Three,Â£24.70,In stock
You (You #1),Five,Â£43.61,In stock
"Wonder Woman: Earth One, ...",Four,Â£37.34,In stock
Wild Swans,Two,Â£14.36,In stock
Why the Right Went ...,Four,Â£52.65,In stock
Whole Lotta Creativity Going ...,Four,Â£38.20,In stock
What's It Like in ...,Two,Â£19.60,In stock
"We Are Robin, Vol. ...",One,Â£53.90,In stock
Walt Disney's Alice in ...,Five,Â£12.96,In stock
V for Vendetta (V ...,Four,Â£37.10,In stock
Until Friday Night (The ...,Two,Â£46.31,In stock
Unbroken: A World War ...,Two,Â£45.95,In stock
Twenty Yawns,Two,Â£22.08,In stock
Through the Woods,Two,Â£25.38,In stock
This Is Where It ...,Two,Â£27.12,In stock
The Year of Magical ...,Two,Â£43.04,In stock
The Wright Brothers,Four,Â£56.80,In stock
The White Queen (The ...,Five,Â£25.91,In stock
The Wedding Pact (The ...,Three,Â£32.61,In stock
The Time Keeper,Five,Â£27.88,In stock
The Testament of Mary,Four,Â£52.67,In stock
The Star-Touched Queen,Five,Â£46.02,In stock
The Songs of the ...,Five,Â£44.48,In stock
The Song of Achilles,Five,Â£37.40,In stock
The Rosie Project (Don ...,One,Â£54.04,In stock
The Power of Habit: ...,Three,Â£16.88,In stock
The Marriage of Opposites,Four,Â£28.08,In stock
The Lucifer Effect: Understanding ...,One,Â£10.40,In stock
The Long Haul (Diary ...,One,Â£44.07,In stock
The Loney,One,Â£23.40,In stock
The Literature Book (Big ...,Three,Â£17.43,In stock
The Last Mile (Amos ...,Two,Â£54.21,In stock
The Immortal Life of ...,Two,Â£40.67,In stock
The Hidden Oracle (The ...,Two,Â£52.26,In stock
The Help Yourself Cookbook ...,Three,Â£28.77,In stock
The Guilty (Will Robie ...,Two,Â£13.82,In stock
The First Hostage (J.B. ...,Three,Â£25.85,In stock
The Dovekeepers,One,Â£48.78,In stock
The Darkest Lie,Five,Â£35.35,In stock
The Bane Chronicles (The ...,Four,Â£44.73,In stock
The Bad-Ass Librarians of ...,One,Â£15.77,In stock
The 14th Colony (Cotton ...,One,Â£39.24,In stock
That Darkness (Gardiner and ...,One,Â£13.92,In stock
Tastes Like Fear (DI ...,One,Â£10.69,In stock
Take Me with You,Three,Â£45.21,In stock
Swell: A Year of ...,One,Â£45.58,In stock
Superman Vol. 1: Before ...,Five,Â£11.89,In stock
Still Life with Bread ...,Three,Â£26.41,In stock
Steve Jobs,Five,Â£39.50,In stock
Sorting the Beef from ...,Four,Â£44.74,In stock
Someone Like You (The ...,Five,Â£52.79,In stock
"So Cute It Hurts!!, ...",Four,Â£35.43,In stock
Shtum,Four,Â£55.84,In stock
See America: A Celebration ...,Three,Â£48.87,In stock
salt.,Four,Â£46.78,In stock
Robin War,Three,Â£47.82,In stock
"Red Hood/Arsenal, Vol. 1: ...",Two,Â£25.48,In stock
Rain Fish,Three,Â£23.57,In stock
Quarter Life Poetry: Poems ...,Five,Â£50.89,In stock
Pet Sematary,Three,Â£10.56,In stock
"Overload: How to Unplug, ...",Three,Â£52.15,In stock
Once Was a Time,Two,Â£18.28,In stock
Old School (Diary of ...,Five,Â£11.83,In stock
No Dream Is Too ...,Two,Â£21.95,In stock
"Naruto (3-in-1 Edition), Vol. ...",Two,Â£38.39,In stock
My Name Is Lucy ...,One,Â£41.56,In stock
My Mrs. Brown,Three,Â£24.48,In stock
My Kind of Crazy,One,Â£40.36,In stock
Mr. Mercedes (Bill Hodges ...,One,Â£28.90,In stock
More Than Music (Chasing ...,Two,Â£37.61,In stock
Made to Stick: Why ...,Five,Â£38.85,In stock
Luis Paints the World,Three,Â£53.95,In stock
Luckiest Girl Alive,Three,Â£49.83,In stock
Lowriders to the Center ...,Two,Â£51.51,In stock
Love Is a Mix ...,One,Â£18.03,In stock
Looking for Lovely: Collecting ...,Five,Â£29.14,In stock
Living Leadership by Insight: ...,Four,Â£46.91,In stock
Let It Out: A ...,Five,Â£26.79,In stock
Lady Midnight (The Dark ...,Five,Â£16.28,In stock
"It's All Easy: Healthy, ...",One,Â£19.55,In stock
Island of Dragons (Unwanteds ...,One,Â£29.65,In stock
I Know What I'm ...,Four,Â£25.98,In stock
I Am Pilgrim (Pilgrim ...,Four,Â£10.60,In stock
Hyperbole and a Half: ...,Five,Â£14.75,In stock
"Hush, Hush (Hush, Hush ...",Three,Â£47.02,In stock
Hold Your Breath (Search ...,One,Â£28.82,In stock
Hamilton: The Revolution,Three,Â£58.79,In stock
Greek Mythic History,Five,Â£10.23,In stock
God: The Most Unpleasant ...,Five,Â£30.03,In stock
Glory over Everything: Beyond ...,Three,Â£45.84,In stock
Feathers: Displays of Brilliant ...,Three,Â£49.05,In stock
Far & Away: Places ...,Four,Â£15.06,In stock
Every Last Word,Three,Â£46.47,In stock
Eligible (The Austen Project ...,Three,Â£27.09,In stock
El Deafo,Five,Â£57.62,In stock
Eight Hundred Grapes,Four,Â£14.39,In stock
Eaternity: More than 150 ...,Five,Â£51.75,In stock
"Eat Fat, Get Thin",Two,Â£54.07,In stock
Don't Get Caught,One,Â£55.35,In stock
Doctor Sleep (The Shining ...,Two,Â£40.12,In stock
Demigods & Magicians: Percy ...,Five,Â£37.51,In stock
Dear Mr. Knightley,Five,Â£11.21,In stock
Daily Fantasy Sports,One,Â£36.58,In stock
Crazy Love: Overwhelmed by ...,Two,Â£47.72,In stock
Cometh the Hour (The ...,Three,Â£25.01,In stock
Code Name Verity (Code ...,Four,Â£22.13,In stock
Clockwork Angel (The Infernal ...,One,Â£44.14,In stock
City of Glass (The ...,Four,Â£56.02,In stock
City of Fallen Angels ...,Four,Â£11.23,In stock
City of Bones (The ...,One,Â£43.28,In stock
City of Ashes (The ...,One,Â£47.27,In stock
Cell,Four,Â£20.29,In stock
Catching Jordan (Hundred Oaks),Three,Â£50.83,In stock
"Carry On, Warrior: Thoughts ...",Three,Â£31.85,In stock
Carrie,Two,Â£46.23,In stock
Buying In: The Secret ...,Four,Â£37.80,In stock
Brain on Fire: My ...,Five,Â£49.32,In stock
Batman: Europa,Two,Â£32.01,In stock
Barefoot Contessa Back to ...,One,Â£28.01,In stock
Barefoot Contessa at Home: ...,Five,Â£50.62,In stock
Balloon Animals,Three,Â£17.03,In stock
Art Ops Vol. 1,Three,Â£48.80,In stock
Aristotle and Dante Discover ...,Four,Â£58.14,In stock
Angels Walking (Angels Walking ...,Two,Â£34.20,In stock
Angels & Demons (Robert ...,Three,Â£51.48,In stock
All the Light We ...,Five,Â£29.87,In stock
Adulthood Is a Myth: ...,Two,Â£10.90,In stock
Abstract City,Five,Â£56.37,In stock
A Time of Torment ...,Five,Â£48.35,In stock
A Study in Scarlet ...,Two,Â£16.73,In stock
A Series of Catastrophes ...,Two,Â£56.48,In stock
A People's History of ...,Two,Â£40.79,In stock
A Man Called Ove,One,Â£39.72,In stock
A Distant Mirror: The ...,Three,Â£14.58,In stock
A Brush of Wings ...,One,Â£55.51,In stock
1491: New Revelations of ...,Three,Â£21.80,In stock
"The Three Searches, Meaning, ...",Three,Â£13.33,In stock
Searching for Meaning in ...,One,Â£38.73,In stock
Rook,Four,Â£37.86,In stock
My Kitchen Year: 136 ...,Two,Â£11.53,In stock
13 Hours: The Inside ...,One,Â£27.06,In stock
Will You Won't You ...,Three,Â£13.86,In stock
Tipping Point for Planet ...,One,Â£37.55,In stock
The Star-Touched Queen,Five,Â£32.30,In stock
The Silent Sister (Riley ...,Five,Â£46.29,In stock
The Midnight Watch: A ...,One,Â£26.20,In stock
The Lonely City: Adventures ...,Two,Â£33.26,In stock
The Gray Rhino: How ...,Four,Â£59.15,In stock
The Golden Condom: And ...,One,Â£39.43,In stock
The Epidemic (The Program ...,Five,Â£14.44,In stock
The Dinner Party,Two,Â£56.54,In stock
The Diary of a ...,Three,Â£59.90,In stock
The Children,Three,Â£11.88,In stock
Stars Above (The Lunar ...,Two,Â£48.05,In stock
Snatched: How A Drug ...,Three,Â£21.21,In stock
Raspberry Pi Electronics Projects ...,Four,Â£49.67,In stock
Quench Your Own Thirst: ...,One,Â£43.14,In stock
Psycho: Sanitarium (Psycho #1.5),Five,Â£36.97,In stock
Poisonous (Max Revere Novels ...,Three,Â£26.80,In stock
One with You (Crossfire ...,Four,Â£15.71,In stock
No Love Allowed (Dodge ...,Four,Â£54.65,In stock
Murder at the 42nd ...,Four,Â£54.36,In stock
Most Wanted,Three,Â£35.28,In stock
"Love, Lies and Spies",Two,Â£20.55,In stock
How to Speak Golf: ...,Five,Â£58.32,In stock
Hide Away (Eve Duncan ...,One,Â£11.84,In stock
Furiously Happy: A Funny ...,Four,Â£41.46,In stock
Everyday Italian: 125 Simple ...,Five,Â£20.10,In stock
Equal Is Unfair: America's ...,One,Â£56.86,In stock
Eleanor & Park,Five,Â£56.51,In stock
Dirty (Dive Bar #1),Four,Â£40.83,In stock
Can You Keep a ...,One,Â£48.64,In stock
Boar Island (Anna Pigeon ...,Three,Â£59.48,In stock
A Paris Apartment,Four,Â£39.01,In stock
A la Mode: 120 ...,One,Â£38.77,In stock
Troublemaker: Surviving Hollywood and ...,Two,Â£48.39,In stock
The Widow,Two,Â£27.26,In stock
The Sleep Revolution: Transforming ...,Four,Â£11.68,In stock
The Improbability of Love,One,Â£59.45,In stock
The Art of Startup ...,Three,Â£21.00,In stock
Take Me Home Tonight ...,Three,Â£53.98,In stock
Sleeping Giants (Themis Files ...,One,Â£48.74,In stock
Setting the World on ...,Two,Â£21.15,In stock
Playing with Fire,Three,Â£13.71,In stock
Off the Hook (Fishing ...,Three,Â£47.67,In stock
Mothering Sunday,Two,Â£13.34,In stock
"Mother, Can You Not?",Five,Â£16.89,In stock
M Train,One,Â£27.18,In stock
Lilac Girls,Two,Â£17.28,In stock
Lies and Other Acts ...,One,Â£45.14,In stock
Lab Girl,One,Â£40.85,In stock
Keep Me Posted,Four,Â£20.46,In stock
It Didn't Start with ...,Three,Â£56.27,In stock
Grey (Fifty Shades #4),Four,Â£48.49,In stock
"Exit, Pursued by a ...",Four,Â£51.34,In stock
Daredevils,Three,Â£16.34,In stock
Cravings: Recipes for What ...,Three,Â£20.50,In stock
Born for This: How ...,Five,Â£21.59,In stock
Arena,Four,Â£21.36,In stock
Adultery,Five,Â£20.88,In stock
A Mother's Reckoning: Living ...,Three,Â£19.53,In stock
A Gentleman's Position (Society ...,Five,Â£14.75,In stock
11/22/63,Three,Â£48.48,In stock
10% Happier: How I ...,Two,Â£24.57,In stock
10-Day Green Smoothie Cleanse: ...,Five,Â£49.71,In stock
Without Shame,Five,Â£48.27,In stock
Watchmen,Four,Â£58.05,In stock
Unlimited Intuition Now,Four,Â£58.87,In stock
Underlying Notes,Two,Â£11.82,In stock
The Shack,One,Â£28.03,In stock
The New Brand You: ...,Five,Â£44.05,In stock
The Moosewood Cookbook: Recipes ...,Four,Â£12.34,In stock
The Flowers Lied,Two,Â£16.68,In stock
The Fabric of the ...,One,Â£55.91,In stock
The Book of Mormon,Three,Â£24.57,In stock
The Art and Science ...,Five,Â£52.98,In stock
The Alien Club,One,Â£54.40,In stock
Suzie Snowflake: One beautiful ...,Five,Â£54.81,In stock
Nap-a-Roo,One,Â£25.08,In stock
NaNo What Now? Finding ...,Four,Â£10.41,In stock
Modern Day Fables,Two,Â£47.44,In stock
If I Gave You ...,One,Â£20.91,In stock
"Fruits Basket, Vol. 9 ...",Four,Â£33.95,In stock
Dress Your Family in ...,Three,Â£43.68,In stock
Don't Forget Steven,One,Â£33.23,In stock
Chernobyl 01:23:40: The Incredible ...,Two,Â£35.92,In stock
Art and Fear: Observations ...,Four,Â£48.63,In stock
A Shard of Ice ...,Three,Â£56.63,In stock
A Hero's Curse (The ...,Three,Â£50.49,In stock
23 Degrees South: A ...,Two,Â£35.79,In stock
Zero to One: Notes ...,Three,Â£34.06,In stock
Why Not Me?,One,Â£17.76,In stock
When Breath Becomes Air,Two,Â£39.36,In stock
Vagabonding: An Uncommon Guide ...,Two,Â£36.94,In stock
The Unlikely Pilgrimage of ...,Five,Â£43.62,In stock
The New Drawing on ...,Three,Â£43.02,In stock
"The Midnight Assassin: Panic, ...",Four,Â£28.45,In stock
The Martian (The Martian ...,Two,Â£41.39,In stock
The High Mountains of ...,One,Â£51.15,In stock
The Grownup,One,Â£35.88,In stock
The E-Myth Revisited: Why ...,One,Â£36.91,In stock
South of Sunshine,One,Â£28.93,In stock
Smarter Faster Better: The ...,Five,Â£38.89,In stock
Silence in the Dark ...,Three,Â£58.33,In stock
Shadows of the Past ...,Five,Â£39.67,In stock
Roller Girl,Five,Â£14.10,In stock
Rising Strong,Three,Â£21.82,In stock
Proofs of God: Classical ...,One,Â£54.21,In stock
Please Kill Me: The ...,Four,Â£31.19,In stock
Out of Print: City ...,Five,Â£53.64,In stock
My Life Next Door ...,Five,Â£36.39,In stock
Miller's Valley,Two,Â£58.54,In stock
Man's Search for Meaning,Three,Â£29.48,In stock
Love That Boy: What ...,Two,Â£25.06,In stock
Living Forward: A Proven ...,Three,Â£12.55,In stock
Les Fleurs du Mal,Five,Â£29.04,In stock
Left Behind (Left Behind ...,Two,Â£40.72,In stock
Kill 'Em and Leave: ...,Five,Â£45.05,In stock
Kierkegaard: A Christian Missionary ...,One,Â£47.13,In stock
John Vassos: Industrial Design ...,Four,Â£20.22,In stock
I'll Give You the ...,One,Â£56.48,In stock
I Will Find You,One,Â£44.21,In stock
Hystopia: A Novel,Four,Â£21.96,In stock
Howl and Other Poems,Two,Â£40.45,In stock
History of Beauty,Four,Â£10.29,In stock
Heaven is for Real: ...,Two,Â£52.86,In stock
Future Shock (Future Shock ...,Five,Â£55.65,In stock
Ender's Game (The Ender ...,One,Â£43.64,In stock
Diary of a Citizen ...,One,Â£28.41,In stock
Death by Leisure: A ...,Four,Â£37.51,In stock
Brilliant Beacons: A History ...,Three,Â£11.45,In stock
Brazen: The Courage to ...,Two,Â£19.22,In stock
Between the World and ...,Four,Â£56.91,In stock
Being Mortal: Medicine and ...,Four,Â£55.06,In stock
A Murder Over a ...,Three,Â£13.20,In stock
32 Yolks,Two,Â£53.63,In stock
"""Most Blessed of the ...",Five,Â£44.48,In stock
You Are a Badass: ...,Three,Â£12.08,In stock
Wildlife of New York: ...,Two,Â£22.14,In stock
What Happened on Beale ...,Five,Â£25.37,In stock
Unreasonable Hope: Finding Faith ...,Two,Â£46.33,In stock
Under the Tuscan Sun,Three,Â£37.33,In stock
Toddlers Are A**holes: It's ...,One,Â£25.55,In stock
The Year of Living ...,One,Â£34.72,In stock
The Whale,Four,Â£35.96,In stock
The Story of Art,Four,Â£41.14,In stock
The Origin of Species,Four,Â£10.01,In stock
The Great Gatsby,Four,Â£36.05,In stock
The Good Girl,Three,Â£49.03,In stock
The Glass Castle,One,Â£16.24,In stock
The Faith of Christopher ...,One,Â£39.55,In stock
The Drowning Girls,Three,Â£35.67,In stock
The Constant Princess (The ...,Three,Â£16.62,In stock
The Bourne Identity (Jason ...,Four,Â£42.78,In stock
The Bachelor Girl's Guide ...,Five,Â£52.30,In stock
The Art Book,Two,Â£32.34,In stock
The 7 Habits of ...,Four,Â£33.17,In stock
Team of Rivals: The ...,Five,Â£20.12,In stock
Steal Like an Artist: ...,Two,Â£20.90,In stock
"Sit, Stay, Love",Three,Â£20.90,In stock
Sister Dear,Four,Â£40.20,In stock
"Shrunken Treasures: Literary Classics, ...",Three,Â£52.87,In stock
"Rich Dad, Poor Dad",One,Â£51.74,In stock
Raymie Nightingale,Two,Â£34.41,In stock
Playing from the Heart,One,Â£32.38,In stock
Nightstruck: A Novel,Four,Â£50.35,In stock
Naturally Lean: 125 Nourishing ...,Five,Â£11.38,In stock
Meternity,Three,Â£43.58,In stock
Memoirs of a Geisha,Three,Â£49.67,In stock
Like Never Before (Walker ...,Two,Â£28.77,In stock
Life of Pi,Four,Â£13.22,In stock
Leave This Song Behind: ...,Five,Â£51.17,In stock
King's Folly (The Kinsman ...,Five,Â£39.61,In stock
John Adams,Four,Â£57.43,In stock
How to Cook Everything ...,Four,Â£46.01,In stock
How to Be a ...,Two,Â£28.25,In stock
Good in Bed (Cannie ...,Five,Â£37.05,In stock
"Fruits Basket, Vol. 7 ...",One,Â£19.57,In stock
For the Love: Fighting ...,Three,Â£45.13,In stock
Finding God in the ...,Two,Â£46.64,In stock
Every Heart a Doorway ...,Five,Â£12.16,In stock
Delivering the Truth (Quaker ...,Four,Â£20.89,In stock
Counted With the Stars ...,Five,Â£17.97,In stock
"Chronicles, Vol. 1",Two,Â£52.60,In stock
Blue Like Jazz: Nonreligious ...,One,Â£25.77,In stock
Benjamin Franklin: An American ...,Three,Â£48.19,In stock
At The Existentialist CafÃ©: ...,Five,Â£29.93,In stock
A Summer In Europe,Two,Â£44.34,In stock
A Short History of ...,Five,Â£52.40,In stock
A Gathering of Shadows ...,Four,Â£44.81,In stock
The Sound Of Love,Five,Â£57.84,In stock
The Rise and Fall ...,Two,Â£39.67,In stock
The Perks of Being ...,Three,Â£55.02,In stock
The Mysterious Affair at ...,Four,Â£24.80,In stock
The Man Who Mistook ...,Four,Â£59.45,In stock
The Makings of a ...,Two,Â£31.58,In stock
The Joy of Cooking,Four,Â£43.27,In stock
The Invention of Wings,One,Â£37.34,In stock
The Hobbit (Middle-Earth Universe),Five,Â£17.80,In stock
The Great Railway Bazaar,One,Â£30.54,In stock
The Golden Compass (His ...,One,Â£18.77,In stock
The God Delusion,Three,Â£46.85,In stock
The Girl You Left ...,One,Â£15.79,In stock
The Fellowship of the ...,Two,Â£10.27,In stock
The Collected Poems of ...,Five,Â£15.42,In stock
The Barefoot Contessa Cookbook,Five,Â£59.92,In stock
Tell the Wolves I'm ...,Two,Â£50.96,In stock
Ship Leaves Harbor: Essays ...,Three,Â£30.60,In stock
Pride and Prejudice,Four,Â£19.27,In stock
Musicophilia: Tales of Music ...,One,Â£46.58,In stock
Mere Christianity,Three,Â£48.51,In stock
Me Before You (Me ...,One,Â£19.02,In stock
In the Woods (Dublin ...,Two,Â£38.38,In stock
In Cold Blood,Four,Â£49.98,In stock
How to Stop Worrying ...,Five,Â£46.49,In stock
Give It Back,Two,Â£18.32,In stock
"Girl, Interrupted",Three,Â£42.14,In stock
Fun Home: A Family ...,Four,Â£56.59,In stock
"Fruits Basket, Vol. 6 ...",Four,Â£20.96,In stock
Deception Point,Four,Â£40.32,In stock
"Death Note, Vol. 6: ...",Three,Â£36.39,In stock
Catherine the Great: Portrait ...,Four,Â£58.55,In stock
Better Homes and Gardens ...,Three,Â£39.61,In stock
An Unquiet Mind: A ...,Three,Â£21.30,In stock
A Year in Provence ...,Four,Â£56.88,In stock
World Without End (The ...,Four,Â£32.97,In stock
"Will Grayson, Will Grayson ...",Four,Â£47.31,In stock
Why Save the Bankers?: ...,Two,Â£48.67,In stock
Where She Went (If ...,Four,Â£41.73,In stock
What If?: Serious Scientific ...,Four,Â£53.68,In stock
Two Summers,One,Â£14.64,In stock
This Is Your Brain ...,One,Â£38.40,In stock
The Secret Garden,Four,Â£15.08,In stock
The Raven King (The ...,Two,Â£30.57,In stock
The Raven Boys (The ...,Four,Â£57.74,In stock
The Power Greens Cookbook: ...,Five,Â£11.05,In stock
The Metamorphosis,One,Â£28.58,In stock
The Mathews Men: Seven ...,Five,Â£42.91,In stock
The Little Paris Bookshop,Three,Â£24.73,In stock
The Hiding Place,Four,Â£55.91,In stock
The Grand Design,Three,Â£13.76,In stock
The Firm,Three,Â£45.56,In stock
The Fault in Our ...,One,Â£47.22,In stock
The False Prince (The ...,Five,Â£56.00,In stock
The Expatriates,Two,Â£44.58,In stock
The Dream Thieves (The ...,One,Â£34.50,In stock
The Darkest Corners,Five,Â£11.33,In stock
The Crossover,Four,Â£38.77,In stock
The 5th Wave (The ...,Two,Â£11.83,In stock
Tell the Wind and ...,Three,Â£45.51,In stock
Tell Me Three Things,One,Â£41.81,In stock
Talking to Girls About ...,Four,Â£25.15,In stock
Siddhartha,Five,Â£34.22,In stock
Shiver (The Wolves of ...,Five,Â£16.23,In stock
Remember Me?,Three,Â£11.48,In stock
Red Dragon (Hannibal Lecter ...,Three,Â£23.37,In stock
Peak: Secrets from the ...,Two,Â£16.28,In stock
My Mother Was Nuts,Four,Â£31.63,In stock
Mexican Today: New and ...,Five,Â£24.91,In stock
Maybe Something Beautiful: How ...,One,Â£22.54,In stock
Lola and the Boy ...,Four,Â£23.63,In stock
Logan Kade (Fallen Crest ...,Two,Â£13.12,In stock
Last One Home (New ...,Three,Â£59.98,In stock
Killing Floor (Jack Reacher ...,Four,Â£31.49,In stock
Kill the Boy Band,Five,Â£15.52,In stock
Isla and the Happily ...,Five,Â£48.13,In stock
If I Stay (If ...,Five,Â£38.13,In stock
I Know Why the ...,Two,Â£36.55,In stock
Harry Potter and the ...,One,Â£23.32,In stock
"Fruits Basket, Vol. 5 ...",One,Â£16.33,In stock
Foundation (Foundation (Publication Order) ...,One,Â£32.42,In stock
Fool Me Once,One,Â£16.96,In stock
Find Her (Detective D.D. ...,One,Â£22.37,In stock
Evicted: Poverty and Profit ...,One,Â£42.27,In stock
Drama,Two,Â£38.70,In stock
Dracula the Un-Dead,Five,Â£35.63,In stock
Digital Fortress,Five,Â£58.00,In stock
"Death Note, Vol. 5: ...",One,Â£52.41,In stock
"Data, A Love Story: ...",Three,Â£32.35,In stock
Critique of Pure Reason,One,Â£20.75,In stock
Booked,Five,Â£17.49,In stock
"Blue Lily, Lily Blue ...",Five,Â£34.13,In stock
Approval Junkie: Adventures in ...,Five,Â£58.81,In stock
An Abundance of Katherines,Five,Â£10.00,In stock
America's War for the ...,Two,Â£51.22,In stock
Alight (The Generations Trilogy ...,Four,Â£58.59,In stock
A Girl's Guide to ...,One,Â£31.30,In stock
A Game of Thrones ...,Two,Â£46.42,In stock
A Feast for Crows ...,Four,Â£17.21,In stock
A Clash of Kings ...,Three,Â£10.79,In stock
Vogue Colors A to ...,Four,Â£52.35,In stock
The Shining (The Shining ...,Three,Â£27.88,In stock
The Pilgrim's Progress,Two,Â£50.26,In stock
The Perfect Play (Play ...,Three,Â£59.99,In stock
The Passion of Dolssa,Five,Â£28.32,In stock
The Jazz of Physics: ...,Three,Â£38.71,In stock
The Hunger Games (The ...,Five,Â£29.85,In stock
The Hound of the ...,Two,Â£14.82,In stock
The Gunning of America: ...,Four,Â£16.81,In stock
The Geography of Bliss: ...,Two,Â£28.23,In stock
The Demonists (Demonist #1),Two,Â£52.11,In stock
The Demon Prince of ...,Two,Â£27.88,In stock
The Bone Hunters (Lexy ...,Three,Â£59.71,In stock
The Beast (Black Dagger ...,Five,Â£46.08,In stock
Some Women,Five,Â£13.73,In stock
Shopaholic Ties the Knot ...,Five,Â£48.39,In stock
Paper and Fire (The ...,Five,Â£49.45,In stock
Outlander (Outlander #1),Five,Â£19.67,In stock
Orchestra of Exiles: The ...,Three,Â£12.36,In stock
No One Here Gets ...,Five,Â£20.02,In stock
Night Shift (Night Shift ...,Four,Â£12.75,In stock
Needful Things,Four,Â£47.51,In stock
Mockingjay (The Hunger Games ...,Four,Â£20.44,In stock
Misery,Two,Â£34.79,In stock
Little Women (Little Women ...,Four,Â£28.07,In stock
It,Three,Â£25.01,In stock
Harry Potter and the ...,Three,Â£13.90,In stock
Harry Potter and the ...,Four,Â£24.17,In stock
Harry Potter and the ...,Four,Â£31.63,In stock
Harry Potter and the ...,Five,Â£48.75,In stock
Harry Potter and the ...,One,Â£14.74,In stock
Gone with the Wind,Three,Â£32.49,In stock
God Is Not Great: ...,One,Â£27.80,In stock
Girl With a Pearl ...,One,Â£26.77,In stock
"Fruits Basket, Vol. 4 ...",Four,Â£50.44,In stock
Far From True (Promise ...,Two,Â£34.93,In stock
Dark Lover (Black Dagger ...,One,Â£12.87,In stock
Confessions of a Shopaholic ...,Two,Â£48.94,In stock
Changing the Game (Play ...,Three,Â£13.38,In stock
Candide,Three,Â£58.63,In stock
Can You Keep a ...,One,Â£21.94,In stock
Atlas Shrugged,Five,Â£26.58,In stock
Animal Farm,Three,Â£57.22,In stock
A Walk to Remember,One,Â£56.43,In stock
A New Earth: Awakening ...,Five,Â£55.65,In stock
A History of God: ...,One,Â£27.62,In stock
'Salem's Lot,Four,Â£49.56,In stock
Zero History (Blue Ant ...,One,Â£34.77,In stock
Wuthering Heights,Three,Â£17.73,In stock
World War Z: An ...,One,Â£21.80,In stock
Wild: From Lost to ...,Three,Â£46.02,In stock
"Where'd You Go, Bernadette",One,Â£18.13,In stock
When You Are Engulfed ...,Five,Â£30.89,In stock
We the People: The ...,Three,Â£31.95,In stock
We Are All Completely ...,One,Â£24.04,In stock
Walk the Edge (Thunder ...,Three,Â£32.36,In stock
Voyager (Outlander #3),Five,Â£21.07,In stock
Very Good Lives: The ...,Three,Â£50.66,In stock
Vegan Vegetarian Omnivore: Dinner ...,Two,Â£13.66,In stock
"Unstuffed: Decluttering Your Home, ...",One,Â£58.09,In stock
Under the Banner of ...,One,Â£30.00,In stock
Two Boys Kissing,Two,Â£32.74,In stock
Twilight (Twilight #1),Two,Â£41.93,In stock
Twenties Girl,Two,Â£42.80,In stock
Trespassing Across America: One ...,One,Â£53.51,In stock
Three-Martini Lunch,Three,Â£23.21,In stock
"Thinking, Fast and Slow",One,Â£21.14,In stock
The Wild Robot,Three,Â£56.07,In stock
The Wicked + The ...,Three,Â£14.41,In stock
The Undomestic Goddess,Four,Â£45.75,In stock
The Travelers,One,Â£15.77,In stock
The Tipping Point: How ...,Two,Â£10.02,In stock
The Thing About Jellyfish,One,Â£48.77,In stock
The Stand,Two,Â£57.86,In stock
The Smitten Kitchen Cookbook,One,Â£23.59,In stock
The Silkworm (Cormoran Strike ...,Five,Â£23.05,In stock
"The Sandman, Vol. 3: ...",Five,Â£55.55,In stock
The Rose & the ...,Four,Â£58.64,In stock
The Road to Little ...,One,Â£23.21,In stock
The Rise of Theodore ...,Three,Â£42.57,In stock
The Restaurant at the ...,One,Â£10.92,In stock
The Rest Is Noise: ...,One,Â£34.77,In stock
The Red Tent,Five,Â£35.66,In stock
The Purpose Driven Life: ...,Three,Â£37.19,In stock
The Purest Hook (Second ...,One,Â£12.25,In stock
The Picture of Dorian ...,Two,Â£29.70,In stock
The Paris Wife,Three,Â£36.80,In stock
The Obsession,One,Â£45.43,In stock
The Nightingale,Four,Â£26.26,In stock
The New Guy (and ...,Three,Â£44.92,In stock
The Nanny Diaries (Nanny ...,Five,Â£52.53,In stock
The Name of God ...,Two,Â£37.25,In stock
The Maze Runner (The ...,One,Â£20.93,In stock
The Lover's Dictionary,Two,Â£58.09,In stock
The Lonely Ones,Five,Â£43.59,In stock
The Lean Startup: How ...,Three,Â£33.92,In stock
The Last Painting of ...,Two,Â£55.55,In stock
"The Land of 10,000 ...",Four,Â£29.64,In stock
The Infinities,One,Â£27.41,In stock
The Husband's Secret,Five,Â£52.51,In stock
The Hitchhiker's Guide to ...,Three,Â£47.80,In stock
The Guns of August,Two,Â£14.54,In stock
The Guernsey Literary and ...,One,Â£49.53,In stock
The Goldfinch,Three,Â£43.58,In stock
The Giver (The Giver ...,One,Â£12.30,In stock
The Girl with All ...,Three,Â£49.47,In stock
The Girl Who Played ...,Two,Â£22.14,In stock
The Girl Who Kicked ...,One,Â£57.48,In stock
The Exiled,Three,Â£43.45,In stock
The End of Faith: ...,Four,Â£22.13,In stock
"The Elegant Universe: Superstrings, ...",Four,Â£13.03,In stock
The Disappearing Spoon: And ...,Five,Â£57.35,In stock
The Devil Wears Prada ...,One,Â£44.29,In stock
The Demon-Haunted World: Science ...,Four,Â£52.25,In stock
The Day the Crayons ...,Five,Â£26.33,In stock
The Da Vinci Code ...,Two,Â£22.96,In stock
The Cuckoo's Calling (Cormoran ...,One,Â£19.21,In stock
The Complete Stories and ...,Four,Â£26.78,In stock
The Complete Poems,Five,Â£41.32,In stock
The Catcher in the ...,One,Â£24.55,In stock
The Cat in the ...,Two,Â£16.26,In stock
The Case for Christ ...,One,Â£47.84,In stock
The Book Thief,Two,Â£53.49,In stock
The Book of Basketball: ...,Five,Â£44.84,In stock
The Blind Side: Evolution ...,Five,Â£53.71,In stock
The Autobiography of Malcolm ...,Two,Â£23.43,In stock
The Art of Simple ...,Three,Â£34.32,In stock
The Art of Fielding,One,Â£22.10,In stock
"Surely You're Joking, Mr. ...",Two,Â£25.83,In stock
Stiff: The Curious Lives ...,Three,Â£36.74,In stock
Spilled Milk: Based on ...,One,Â£49.51,In stock
Something Borrowed (Darcy & ...,Five,Â£48.96,In stock
Something Blue (Darcy & ...,One,Â£54.62,In stock
Soldier (Talon #3),Two,Â£24.72,In stock
Shopaholic & Baby (Shopaholic ...,Two,Â£46.45,In stock
Seven Days in the ...,Two,Â£52.33,In stock
Seven Brief Lessons on ...,Four,Â£30.60,In stock
Scarlet (The Lunar Chronicles ...,Four,Â£14.57,In stock
Sarah's Key,One,Â£46.29,In stock
"Saga, Volume 3 (Saga ...",Five,Â£21.57,In stock
Running with Scissors,Four,Â£12.91,In stock
Rogue Lawyer (Rogue Lawyer ...,Three,Â£50.11,In stock
Rise of the Rocket ...,Four,Â£41.67,In stock
Rework,Two,Â£44.88,In stock
Reservations for Two,Three,Â£11.10,In stock
Red: The True Story ...,Three,Â£28.54,In stock
Ready Player One,Four,Â£19.07,In stock
Quiet: The Power of ...,One,Â£43.55,In stock
Prodigy: The Graphic Novel ...,Three,Â£43.63,In stock
Persepolis: The Story of ...,One,Â£39.13,In stock
Packing for Mars: The ...,Two,Â£56.68,In stock
Outliers: The Story of ...,One,Â£14.16,In stock
Original Fake,Three,Â£31.45,In stock
Orange Is the New ...,Two,Â£24.61,In stock
One for the Money ...,Two,Â£32.87,In stock
Notes from a Small ...,One,Â£40.17,In stock
Night (The Night Trilogy ...,One,Â£13.51,In stock
Neither Here nor There: ...,Three,Â£38.95,In stock
Naked,Three,Â£31.69,In stock
Morning Star (Red Rising ...,One,Â£29.40,In stock
Miracles from Heaven: A ...,One,Â£57.83,In stock
Midnight Riot (Peter Grant/ ...,Two,Â£55.46,In stock
Me Talk Pretty One ...,Two,Â£57.60,In stock
Manuscript Found in Accra,Two,Â£34.98,In stock
Lust & Wonder,Two,Â£11.87,In stock
Lila (Gilead #3),Three,Â£12.47,In stock
"Life, the Universe and ...",Two,Â£33.26,In stock
Life Without a Recipe,Five,Â£59.04,In stock
Life After Life,Two,Â£26.13,In stock
Letter to a Christian ...,One,Â£22.20,In stock
Let's Pretend This Never ...,One,Â£45.11,In stock
Legend (Legend #1),Four,Â£43.69,In stock
"Lean In: Women, Work, ...",One,Â£25.02,In stock
Lamb: The Gospel According ...,Five,Â£55.50,In stock
Lady Renegades (Rebel Belle ...,Five,Â£53.04,In stock
Jurassic Park (Jurassic Park ...,One,Â£44.97,In stock
It's Never Too Late ...,One,Â£42.38,In stock
Is Everyone Hanging Out ...,Three,Â£20.11,In stock
Into the Wild,Five,Â£56.70,In stock
Inferno (Robert Langdon #4),Five,Â£41.00,In stock
In the Garden of ...,Three,Â£28.85,In stock
If I Run (If ...,Four,Â£49.97,In stock
I've Got Your Number,One,Â£19.69,In stock
I Am Malala: The ...,Two,Â£28.88,In stock
Hungry Girl Clean & ...,Three,Â£33.14,In stock
House of Lost Worlds: ...,Two,Â£43.70,In stock
House of Leaves,One,Â£54.89,In stock
Horrible Bear!,Two,Â£37.52,In stock
Holidays on Ice,Two,Â£51.07,In stock
Heir to the Sky,Four,Â£44.07,In stock
Green Eggs and Ham ...,Four,Â£10.79,In stock
"Grayson, Vol 3: Nemesis ...",One,Â£42.72,In stock
Gratitude,Five,Â£26.66,In stock
Gone Girl,Five,Â£37.60,In stock
Golden (Heart of Dread ...,Four,Â£42.21,In stock
Girl in the Blue ...,Two,Â£46.83,In stock
"Fruits Basket, Vol. 3 ...",Two,Â£45.17,In stock
Friday Night Lights: A ...,Three,Â£51.22,In stock
Fire Bound (Sea Haven/Sisters ...,Four,Â£21.28,In stock
Fifty Shades Freed (Fifty ...,Five,Â£15.36,In stock
Fellside,One,Â£38.62,In stock
Extreme Prey (Lucas Davenport ...,Three,Â£25.40,In stock
Eragon (The Inheritance Cycle ...,Three,Â£43.87,In stock
Eclipse (Twilight #3),One,Â£18.74,In stock
Dune (Dune #1),One,Â£54.86,In stock
Dracula,Three,Â£52.62,In stock
Do Androids Dream of ...,One,Â£51.48,In stock
Disrupted: My Misadventure in ...,Five,Â£15.28,In stock
Dead Wake: The Last ...,Five,Â£39.24,In stock
"David and Goliath: Underdogs, ...",One,Â£17.81,In stock
Darkfever (Fever #1),One,Â£56.02,In stock
Dark Places,Five,Â£23.90,In stock
Crazy Rich Asians (Crazy ...,Five,Â£49.13,In stock
Counting Thyme,One,Â£10.62,In stock
Cosmos,Two,Â£36.17,In stock
Civilization and Its Discontents,Two,Â£59.95,In stock
Cinder (The Lunar Chronicles ...,One,Â£26.09,In stock
Catastrophic Happiness: Finding Joy ...,Two,Â£37.35,In stock
Career of Evil (Cormoran ...,Two,Â£24.72,In stock
Breaking Dawn (Twilight #4),Five,Â£35.28,In stock
Brave Enough,Five,Â£51.32,In stock
Boy Meets Boy,Three,Â£21.12,In stock
Born to Run: A ...,Two,Â£27.35,In stock
Blink: The Power of ...,Five,Â£21.74,In stock
Black Flags: The Rise ...,One,Â£40.87,In stock
"Black Butler, Vol. 1 ...",One,Â£49.31,In stock
Big Little Lies,One,Â£22.11,In stock
Between Shades of Gray,Five,Â£20.79,In stock
Best of My Love ...,Two,Â£27.41,In stock
Beowulf,Two,Â£38.35,In stock
Beautiful Creatures (Caster Chronicles ...,Five,Â£21.55,In stock
Awkward,Two,Â£38.02,In stock
Ash,Four,Â£22.06,In stock
Are We There Yet?,Three,Â£10.66,In stock
Are We Smart Enough ...,One,Â£56.58,In stock
Annie on My Mind,Five,Â£36.83,In stock
And Then There Were ...,Two,Â£35.01,In stock
A Walk in the ...,Four,Â£30.48,In stock
A Visit from the ...,Five,Â£14.08,In stock
A Storm of Swords ...,Two,Â£31.22,In stock
A Heartbreaking Work of ...,Five,Â£54.29,In stock
8 Keys to Mental ...,One,Â£31.04,In stock
#GIRLBOSS,One,Â£50.96,In stock
The Suffragettes (Little Black ...,Two,Â£11.89,In stock
The Sense of an ...,Three,Â£31.38,In stock
"The Sandman, Vol. 2: ...",One,Â£54.81,In stock
The Course of Love,Three,Â£16.78,In stock
Sugar Rush (Offensive Line ...,One,Â£24.42,In stock
"Saga, Volume 2 (Saga ...",Three,Â£11.75,In stock
"Run, Spot, Run: The ...",One,Â£20.02,In stock
New Moon (Twilight #2),Four,Â£12.86,In stock
Life,Five,Â£31.58,In stock
Kindle Paperwhite User's Guide,Three,Â£34.00,In stock
H is for Hawk,Five,Â£57.42,In stock
Girl Online On Tour ...,One,Â£53.47,In stock
"Fruits Basket, Vol. 2 ...",Five,Â£11.64,In stock
Diary of a Minecraft ...,Four,Â£52.88,In stock
"Y: The Last Man, ...",Four,Â£18.51,In stock
While You Were Mine,Five,Â£41.32,In stock
Where Lightning Strikes (Bleeding ...,Three,Â£39.77,In stock
When I'm Gone,Three,Â£51.96,In stock
Ways of Seeing,Five,Â£39.51,In stock
"Vampire Knight, Vol. 1 ...",One,Â£15.40,In stock
Vampire Girl (Vampire Girl ...,Two,Â£53.82,In stock
Twenty Love Poems and ...,Four,Â£30.95,In stock
Travels with Charley: In ...,Five,Â£57.82,In stock
Three Wishes (River of ...,Two,Â£44.18,In stock
This One Moment (Pushing ...,One,Â£48.71,In stock
The Zombie Room,Five,Â£19.69,In stock
The Wicked + The ...,Two,Â£36.52,In stock
The Tumor,Five,Â£41.56,In stock
The Story of Hong ...,Four,Â£43.19,In stock
The Silent Wife,Five,Â£12.34,In stock
The Silent Twin (Detective ...,Three,Â£36.25,In stock
The Selfish Gene,One,Â£29.45,In stock
The Secret Healer,Three,Â£34.56,In stock
"The Sandman, Vol. 1: ...",Three,Â£54.12,In stock
The Republic,Three,Â£33.78,In stock
The Odyssey,Three,Â£29.64,In stock
The No. 1 Ladies' ...,Four,Â£57.70,In stock
The Nicomachean Ethics,One,Â£36.34,In stock
The Name of the ...,Three,Â£50.59,In stock
The Mirror & the ...,One,Â£29.38,In stock
The Little Prince,Two,Â£45.42,In stock
The Light of the ...,One,Â£54.43,In stock
The Last Girl (The ...,Two,Â£36.26,In stock
The Iliad,One,Â£16.16,In stock
The Hook Up (Game ...,Five,Â£36.29,In stock
The Haters,Five,Â£27.89,In stock
The Girl You Lost,Five,Â£12.29,In stock
The Girl In The ...,Three,Â£15.85,In stock
The End of the ...,One,Â£14.40,In stock
The Edge of Reason ...,Four,Â£19.18,In stock
The Complete Maus (Maus ...,Three,Â£10.64,In stock
The Communist Manifesto,Three,Â£14.76,In stock
The Bhagavad Gita,Three,Â£57.49,In stock
The Bette Davis Club,Three,Â£30.66,In stock
The Art of Not ...,Four,Â£40.83,In stock
Taking Shots (Assassins #1),Two,Â£18.88,In stock
Starlark,Three,Â£25.83,In stock
"Skip Beat!, Vol. 01 ...",Three,Â£42.12,In stock
Sister Sable (The Mad ...,Three,Â£13.33,In stock
Shatter Me (Shatter Me ...,One,Â£42.40,In stock
Shameless,Three,Â£58.35,In stock
Shadow Rites (Jane Yellowrock ...,Four,Â£21.72,In stock
Settling the Score (The ...,Two,Â£44.91,In stock
Sense and Sensibility,One,Â£37.46,In stock
"Saga, Volume 1 (Saga ...",One,Â£28.48,In stock
"Rhythm, Chord & Malykhin",Two,Â£28.34,In stock
"Rat Queens, Vol. 1: ...",Five,Â£46.96,In stock
Paradise Lost (Paradise #1),One,Â£24.96,In stock
"Paper Girls, Vol. 1 ...",Four,Â£21.71,In stock
Ouran High School Host ...,Three,Â£29.87,In stock
Origins (Alphas 0.5),One,Â£28.99,In stock
One Second (Seven #7),Two,Â£52.94,In stock
On the Road (Duluoz ...,Three,Â£32.36,In stock
Old Records Never Die: ...,Two,Â£55.66,In stock
Off Sides (Off #1),Five,Â£39.45,In stock
Of Mice and Men,Two,Â£47.11,In stock
Myriad (Prentor #1),Four,Â£58.75,In stock
My Perfect Mistake (Over ...,Two,Â£38.92,In stock
"Ms. Marvel, Vol. 1: ...",Four,Â£39.39,In stock
Meditations,Two,Â£25.89,In stock
Matilda,One,Â£28.34,In stock
Lost Among the Living,Four,Â£27.70,In stock
Lord of the Flies,Three,Â£24.89,In stock
Listen to Me (Fusion ...,Three,Â£58.99,In stock
Kitchens of the Great ...,Five,Â£57.20,In stock
Jane Eyre,Five,Â£38.43,In stock
Imperfect Harmony,Four,Â£34.74,In stock
Icing (Aces Hockey #2),Four,Â£40.44,In stock
"Hawkeye, Vol. 1: My ...",Three,Â£45.24,In stock
Having the Barbarian's Baby ...,Four,Â£34.96,In stock
"Giant Days, Vol. 1 ...",Four,Â£56.76,In stock
"Fruits Basket, Vol. 1 ...",Five,Â£40.28,In stock
Frankenstein,Two,Â£38.00,In stock
Forever Rockers (The Rocker ...,Three,Â£28.80,In stock
Fighting Fate (Fighting #6),Three,Â£39.24,In stock
Emma,Two,Â£32.93,In stock
"Eat, Pray, Love",Three,Â£51.32,In stock
Deep Under (Walker Security ...,Five,Â£47.09,In stock
Choosing Our Religion: The ...,Four,Â£28.42,In stock
Charlie and the Chocolate ...,Three,Â£22.85,In stock
Charity's Cross (Charles Towne ...,One,Â£41.24,In stock
Bright Lines,Five,Â£39.07,In stock
Bridget Jones's Diary (Bridget ...,One,Â£29.82,In stock
Bounty (Colorado Mountain #7),Four,Â£37.26,In stock
Blood Defense (Samantha Brinkman ...,Three,Â£20.30,In stock
"Bleach, Vol. 1: Strawberry ...",Five,Â£34.65,In stock
Beyond Good and Evil,One,Â£43.38,In stock
Alice in Wonderland (Alice's ...,One,Â£55.53,In stock
"Ajin: Demi-Human, Volume 1 ...",Four,Â£57.06,In stock
A Spy's Devotion (The ...,Five,Â£16.97,In stock
1st to Die (Women's ...,One,Â£53.98,In stock
"1,000 Places to See ...",Five,Â£26.08,In stock
